keys,es,en
TALLER,TALLER,GARAGE
"¡Epa, chamo! Agarra esa vaina y dale, pues.","¡Epa, chamo! Agarra esa vaina y dale, pues.","Epa, chamo! Grab that thing and go, man."
"Listo el pedido, mi pana. ¡Vuela, vale!","Listo el pedido, mi pana. ¡Vuela, vale!","Order's ready, my pana. Fly, vale!"
"Chamo, eso está caliente, no lo vayas a voltear.","Chamo, eso está caliente, no lo vayas a voltear.","Chamo, that's hot, don't you flip it."
"¡Entregado, papá! ¿Y la propina? ¿No? Ah, bueno, vale.","¡Entregado, papá! ¿Y la propina? ¿No? Ah, bueno, vale.","Delivered, boss! And the tip? No? Oh well, vale."
"Chévere, mi pana. Cinco estrellas... mentira, una.","Chévere, mi pana. Cinco estrellas... mentira, una.","Sweet, my pana. Five stars... kidding, one."
"Llegamos vivos, chamo. Eso ya es ganancia.","Llegamos vivos, chamo. Eso ya es ganancia.","We made it alive, chamo. That's already profit."
"¡Na' guará, casi!","¡Na' guará, casi!","Na' guara, close one!"
"Fe, mi pana, pura fe.","Fe, mi pana, pura fe.","Faith, my pana, pure faith."
"¡Chamo, casi te matas, vale!","¡Chamo, casi te matas, vale!","Chamo, you almost killed yourself, vale!"
"¡Épale, épale! Frena esa burra, mi pana.","¡Épale, épale! Frena esa burra, mi pana.","Whoa, whoa! Rein in that mule, my pana."
"¡Qué molleja, casi besas el andén!","¡Qué molleja, casi besas el andén!","Holy molleja, you almost kissed the curb!"
"¡Epa, epa! Eso no pasó.","¡Epa, epa! Eso no pasó.","Epa, epa! That never happened."
"Tranquilo, mi pana, que el andén no se movió.","Tranquilo, mi pana, que el andén no se movió.","Relax, my pana, the curb didn't move."
"Chamo, el cliente canceló. Te tocó comértelo a ti.","Chamo, el cliente canceló. Te tocó comértelo a ti.","Chamo, they cancelled. Guess you're eating it."
"Se enfrió la vaina, mi pana. Cancelado.","Se enfrió la vaina, mi pana. Cancelado.","The thing went cold, my pana. Cancelled."
"¡Se fundió el motor, chamo! Huele a pollo quemado.","¡Se fundió el motor, chamo! Huele a pollo quemado.","Engine's fried, chamo! Smells like burnt chicken."
"¡Na' guará! Le diste tan duro que se murió la burra.","¡Na' guará! Le diste tan duro que se murió la burra.","Na' guara! You rode her so hard the mule died."
"Listo, le eché agua de la botella y un rezo. ¡Dale!","Listo, le eché agua de la botella y un rezo. ¡Dale!","Done: bottle water and a prayer. Let's go!"
"Reparado con cinta, un chicle y fe, mi pana.","Reparado con cinta, un chicle y fe, mi pana.","Fixed with tape, chewing gum and faith, my pana."
"Le soplé al motor como a un cartucho viejo. ¡Arrancó!","Le soplé al motor como a un cartucho viejo. ¡Arrancó!","Blew on the engine like an old cartridge. It works!"
"¡Se largó el aguacero, chamo! Al menos la app paga más.","¡Se largó el aguacero, chamo! Al menos la app paga más.","Downpour, chamo! At least the app pays more."
"Llueve, mi pana. Bono por mojarse... y por los charcos.","Llueve, mi pana. Bono por mojarse... y por los charcos.","It's raining, my pana. Wet bonus... and puddles."
"Escampó, vale. Se acabó el bono.","Escampó, vale. Se acabó el bono.","Rain's over, vale. Bye-bye bonus."
"Ya paró de llover. Ahora a secarse con el viento.","Ya paró de llover. Ahora a secarse con el viento.","Rain stopped. Now let the wind dry you off."
"¡Épale! ¡Perdón, señor! Es que el pedido se enfría.","¡Épale! ¡Perdón, señor! Es que el pedido se enfría.","Whoa! Sorry, sir! The order's getting cold."
"¡Na' guará, chamo, la cebra es pa' ellos, no pa' uno!","¡Na' guará, chamo, la cebra es pa' ellos, no pa' uno!","Na' guara, chamo, the crosswalk is theirs, not ours!"
"Tranquila, señora, que eso no fue nada... ¿verdad?","Tranquila, señora, que eso no fue nada... ¿verdad?","Easy, ma'am, that was nothing... right?"
"¡Ay, vale! Se me atravesó... bueno, yo me le atravesé.","¡Ay, vale! Se me atravesó... bueno, yo me le atravesé.","Ay, vale! He cut me off... well, I cut him off."
"Chamo, la propina de este pedido se fue con ese señor.","Chamo, la propina de este pedido se fue con ese señor.","Chamo, this order's tip just left with that guy."
"Peatón: ¡Mire por dónde anda, domiciliario!","Peatón: ¡Mire por dónde anda, domiciliario!","Pedestrian: Watch where you're going, rider!"
"Peatón: ¡Le voy a poner una estrella, desgraciado!","Peatón: ¡Le voy a poner una estrella, desgraciado!","Pedestrian: One star for you, you jerk!"
"Peatón: ¡Esto va pa' las redes, sonría!","Peatón: ¡Esto va pa' las redes, sonría!","Pedestrian: This is going online, smile!"
"Peatón: ¡Uy, no, qué pecado! ¡Casi me mata!","Peatón: ¡Uy, no, qué pecado! ¡Casi me mata!","Pedestrian: Oh my God! You almost killed me!"
"¡Perdón, patrón! Es que el pedido se enfría.","¡Perdón, patrón! Es que el pedido se enfría.","Sorry, boss! The order's getting cold."
"¡Na' guará, chamo, ese carro salió de la nada!","¡Na' guará, chamo, ese carro salió de la nada!","Na' guara, chamo, that car came out of nowhere!"
"Tranquilo, mi pana, que eso con crema dental sale.","Tranquilo, mi pana, que eso con crema dental sale.","Relax, my pana, toothpaste gets that right out."
"¡Chamo, frenó en seco! Bueno... frené yo, más bien.","¡Chamo, frenó en seco! Bueno... frené yo, más bien.","Chamo, he slammed the brakes! Well... I did, really."
"Conductor: ¡Piiii! ¡Mire por dónde va, domiciliario!","Conductor: ¡Piiii! ¡Mire por dónde va, domiciliario!","Driver: Beeeep! Watch where you're going, rider!"
"Conductor: ¡Me rayó el carro! ¡Venga, venga!","Conductor: ¡Me rayó el carro! ¡Venga, venga!","Driver: You scratched my car! Get back here!"
"Conductor: ¡Otro de estos en moto! ¡Piiiii!","Conductor: ¡Otro de estos en moto! ¡Piiiii!","Driver: Another one of these bikers! Beeeeep!"
"Conductor: ¡La vía no es suya, joven!","Conductor: ¡La vía no es suya, joven!","Driver: You don't own the road, kid!"
"¡Epa, llegó la chamba!","¡Epa, llegó la chamba!","Epa, the gig is here!"
"Dale, dale, ya voy saliendo, mi amor.","Dale, dale, ya voy saliendo, mi amor.","Yeah, yeah, I'm on my way, mi amor."
"Otro pedido, mi pana. La fe no descansa.","Otro pedido, mi pana. La fe no descansa.","Another order, my pana. Faith never sleeps."
"¡Qué nivel! Nadie me para hoy.","¡Qué nivel! Nadie me para hoy.","Next level! Nobody stops me today."
"¡Chamo, esquivo como en las películas!","¡Chamo, esquivo como en las películas!","Chamo, I dodge like in the movies!"
"La fe está prendida, vale. ¡Propina segura!","La fe está prendida, vale. ¡Propina segura!","Faith is on fire, vale. Tip guaranteed!"
"Es que había un trancón arrecho, se lo juro.","Es que había un trancón arrecho, se lo juro.","There was a crazy traffic jam, I swear."
"Llegué, llegué... tarde, pero llegué.","Llegué, llegué... tarde, pero llegué.","I made it, I made it... late, but I made it."
"¡Na' guará, se regó el sancocho!","¡Na' guará, se regó el sancocho!","Na' guara, the sancocho spilled!"
"Chamo, eso ya es mitad sopa, mitad maleta.","Chamo, eso ya es mitad sopa, mitad maleta.","Chamo, that's half soup, half backpack now."
"La torta ahora es un mapa, mi pana.","La torta ahora es un mapa, mi pana.","The cake is a map now, my pana."
"¡Mírala! Ahora sí llego más rápido... a la misma esquina.","¡Mírala! Ahora sí llego más rápido... a la misma esquina.","Look at her! Now I'm faster... to the same corner."
"Moto nueva, fe nueva, mi pana.","Moto nueva, fe nueva, mi pana.","New bike, new faith, my pana."
"¡Ay, mi columna! Ese hueco tiene nombre propio.","¡Ay, mi columna! Ese hueco tiene nombre propio.","Ay, my spine! That pothole has its own name."
"¡Epa! Ese hueco ya estaba cuando yo llegué al país.","¡Epa! Ese hueco ya estaba cuando yo llegué al país.","Epa! That pothole was here before I moved here."
"¡Quítate, Firulais, que voy con prisa!","¡Quítate, Firulais, que voy con prisa!","Move it, Firulais, I'm in a hurry!"
"¡Perrito, perrito, no me mires así!","¡Perrito, perrito, no me mires así!","Doggy, doggy, don't look at me like that!"
"¿Mamá? ¿Usted fue la que pidió?","¿Mamá? ¿Usted fue la que pidió?","Mom? You're the one who ordered?"
"Llegó frío, mamá, pero llegó con fe.","Llegó frío, mamá, pero llegó con fe.","It's cold, Mom, but it came with faith."
"Ay, no, chamo... se nos fue el pana.","Ay, no, chamo... se nos fue el pana.","Ay, no, chamo... we lost the pana."
"Otro más pa' la estadística, vale.","Otro más pa' la estadística, vale.","One more for the statistics, vale."
"NORMAL: dale sin miedo","NORMAL: dale sin miedo","NORMAL: go for it"
"SOPA: no frenes en seco","SOPA: no frenes en seco","SOUP: no hard braking"
"TORTA: suavecito, que se desbarata","TORTA: suavecito, que se desbarata","CAKE: easy, it falls apart"
"LICOR: pesa, frena antes","LICOR: pesa, frena antes","BOOZE: heavy, brake early"
"Hamburguesa doble","Hamburguesa doble","Double burger"
"Perro caliente","Perro caliente","Hot dog"
"Pizza familiar","Pizza familiar","Family pizza"
"Arepa de choclo","Arepa de choclo","Corn arepa"
"Torta de cumpleaños","Torta de cumpleaños","Birthday cake"
"Torta tres leches","Torta tres leches","Tres leches cake"
"Canasta de cerveza","Canasta de cerveza","Crate of beer"
"Ron de 750","Ron de 750","Rum, 750 ml"
"Ajiaco para la loma","Ajiaco para la loma","Ajiaco for the hill"
"La del 302","La del 302","The one in 302"
"El de la portería","El de la portería","The doorman"
"Mamá","Mamá","Mom"
"Llegó frío y regado. Una estrella porque no dejan cero.","Llegó frío y regado. Una estrella porque no dejan cero.","Cold and spilled. One star because zero isn't allowed."
"¿Esto era mi pedido o un accidente?","¿Esto era mi pedido o un accidente?","Was this my order or a crime scene?"
"Tarde y medio regado. El domiciliario, eso sí, muy simpático.","Tarde y medio regado. El domiciliario, eso sí, muy simpático.","Late and half spilled. Nice rider, though."
"Mejor lo hubiera ido a buscar yo.","Mejor lo hubiera ido a buscar yo.","Should've picked it up myself."
"Normal. Ni frío ni caliente, como mi ex.","Normal. Ni frío ni caliente, como mi ex.","Fine. Neither hot nor cold, like my ex."
"Llegó. Eso ya es algo.","Llegó. Eso ya es algo.","It arrived. That's something."
"Rápido y completo. Le faltó el saludo.","Rápido y completo. Le faltó el saludo.","Fast and complete. Could've said hi."
"Casi perfecto: el casco daba miedo.","Casi perfecto: el casco daba miedo.","Almost perfect: the helmet was scary."
"¡Llegó volando y calientico! Ese muchacho tiene fe.","¡Llegó volando y calientico! Ese muchacho tiene fe.","Flew in piping hot! That kid's got faith."
"Cinco estrellas y una oración por su seguridad.","Cinco estrellas y una oración por su seguridad.","Five stars and a prayer for his safety."
"Subiste a la loma con la Ninja, contra los cerros.\nLa clienta era tu mamá: «Mijo, llegó frío».\nY aun así te puso cinco estrellas.\n\nFIN","Subiste a la loma con la Ninja, contra los cerros.\nLa clienta era tu mamá: «Mijo, llegó frío».\nY aun así te puso cinco estrellas.\n\nFIN","You rode the Ninja up the hill, against the mountains.\nThe customer was your mom: «Son, it's cold».\nAnd she still gave you five stars.\n\nTHE END"
"Has muerto al entrar demasiado rápido en la curva, tu fe era más grande que el agarre de tu %s.","Has muerto al entrar demasiado rápido en la curva, tu fe era más grande que el agarre de tu %s.","You died taking the corner too fast, your faith was bigger than the grip of your %s."
"Has muerto al caer en un hueco a toda velocidad, el hueco llevaba ahí más tiempo que tu %s.","Has muerto al caer en un hueco a toda velocidad, el hueco llevaba ahí más tiempo que tu %s.","You died hitting a pothole at full speed, the pothole had been there longer than your %s."
"Has muerto al atropellar un perro con tu %s, el perro sobrevivió. El pedido no.","Has muerto al atropellar un perro con tu %s, el perro sobrevivió. El pedido no.","You died running over a dog with your %s, the dog survived. The order didn't."
"Has muerto al entrar demasiado rápido en la curva mojada con tu %s, tu fe era impermeable. Tus llantas no.","Has muerto al entrar demasiado rápido en la curva mojada con tu %s, tu fe era impermeable. Tus llantas no.","You died taking the wet corner too fast on your %s, your faith was waterproof. Your tires weren't."
"Has muerto al meterle tu %s de frente a un bus, el bus también tenía fe.","Has muerto al meterle tu %s de frente a un bus, el bus también tenía fe.","You died ramming your %s head-on into a bus, the bus had faith too."
"Has muerto al ir en contravía con tu %s, la contravía era un atajo. Para el más allá.","Has muerto al ir en contravía con tu %s, la contravía era un atajo. Para el más allá.","You died riding against traffic on your %s, the wrong way was a shortcut. To the afterlife."
"Se acabó el tiempo.\nEl cliente canceló el pedido y la app te cobró el domicilio a ti.","Se acabó el tiempo.\nEl cliente canceló el pedido y la app te cobró el domicilio a ti.","Time's up.\nThe customer cancelled and the app charged the delivery to you."
"Pedido entregado con %d s de sobra.\nEl cliente te puso una estrella: «llegó frío».","Pedido entregado con %d s de sobra.\nEl cliente te puso una estrella: «llegó frío».","Order delivered with %d s to spare.\nThe customer gave you one star: «it arrived cold»."
"Exosto","Exosto","Exhaust"
"Motor","Motor","Engine"
"Barrio","Barrio","Neighborhood"
"Centro","Centro","Downtown"
"Zona Industrial","Zona Industrial","Industrial Zone"
"PLATA","PLATA","CASH"
"MEJORAS","MEJORAS","UPGRADES"
"VOLVER","VOLVER","BACK"
"< >  ELEGIR MOTO      ESC  VOLVER      Morir no quita la plata.","< >  ELEGIR MOTO      ESC  VOLVER      Morir no quita la plata.","< >  PICK BIKE      ESC  BACK      Dying doesn't take your cash."
"EN USO","EN USO","IN USE"
"EN TU GARAJE","EN TU GARAJE","IN YOUR GARAGE"
"A LA VENTA","A LA VENTA","FOR SALE"
"BLOQUEADA","BLOQUEADA","LOCKED"
"Te faltan %s para comprarla.","Te faltan %s para comprarla.","You're %s short to buy it."
"Primero compra la %s.","Primero compra la %s.","Buy the %s first."
"Es tuya, con sus mejoras. Sácala con USAR; las mejoras se compran con la moto en uso.","Es tuya, con sus mejoras. Sácala con USAR; las mejoras se compran con la moto en uso.","It's yours, upgrades and all. Take it out with RIDE; upgrades go on the bike in use."
"Tu %s se queda en el garaje.","Tu %s se queda en el garaje.","Your %s stays in the garage."
"Con todas las mejoras sigue siendo peor que la siguiente de fábrica.","Con todas las mejoras sigue siendo peor que la siguiente de fábrica.","Fully upgraded it's still worse than the next one stock."
"La mejor moto de la ciudad.","La mejor moto de la ciudad.","The best bike in the city."
"VELOCIDAD  %d km/h","VELOCIDAD  %d km/h","TOP SPEED  %d km/h"
"ACELERACIÓN  %.1f","ACELERACIÓN  %.1f","ACCELERATION  %.1f"
"%s  (ya instalado)","%s  (ya instalado)","%s  (installed)"
"ESTA ES TU MOTO","ESTA ES TU MOTO","THIS IS YOUR BIKE"
"USAR ESTA MOTO","USAR ESTA MOTO","RIDE THIS BIKE"
"COMPRAR %s  %s","COMPRAR %s  %s","BUY %s  %s"
"ENTER: otra jornada      ESC: menú","ENTER: otra jornada      ESC: menú","ENTER: another shift      ESC: menu"
"ENTREGADO","ENTREGADO","DELIVERED"
"CANCELADO","CANCELADO","CANCELLED"
"FIN","FIN","THE END"
"MAPA","MAPA","MAP"
"PARQUE","PARQUE","PARK"
"AVENIDA","AVENIDA","AVENUE"
"CERROS","CERROS","HILLS"
"RECOGER","RECOGER","PICK UP"
"ENTREGAR","ENTREGAR","DROP OFF"
"RUTA","RUTA","ROUTE"
"TAB: VOLVER","TAB: VOLVER","TAB: BACK"
"TIEMPO","TIEMPO","TIME"
"DIA","DIA","DAY"
"NOCHE","NOCHE","NIGHT"
"¡SE VA DE LADO!","¡SE VA DE LADO!","SLIDING OUT!"
"LLUVIA: +%d%% POR PEDIDO","LLUVIA: +%d%% POR PEDIDO","RAIN: +%d%% PER ORDER"
"RECOGE: %s\n%s\nSigue la columna naranja","RECOGE: %s\n%s\nSigue la columna naranja","PICK UP: %s\n%s\nFollow the orange beam"
"ENTREGA: %s A %s\n%s\n%s","ENTREGA: %s A %s\n%s\n%s","DELIVER: %s TO %s\n%s\n%s"
"ESTADO: %d%%","ESTADO: %d%%","CONDITION: %d%%"
"SIN PROPINA: atropellaste a alguien","SIN PROPINA: atropellaste a alguien","NO TIP: you ran somebody over"
"FE x%d  +%d%% PROPINA","FE x%d  +%d%% PROPINA","FAITH x%d  +%d%% TIP"
"MOTOR FUNDIDO: espera %d","MOTOR FUNDIDO: espera %d","ENGINE BLOWN: wait %d"
"¡VAS A FUNDIR EL MOTOR! %d","¡VAS A FUNDIR EL MOTOR! %d","ENGINE'S ABOUT TO BLOW! %d"
"Ni un pedido entregado. La app ya te está buscando reemplazo.","Ni un pedido entregado. La app ya te está buscando reemplazo.","Not one order delivered. The app is already hiring your replacement."
"Entregaste %d pedidos: +%s, y esa plata no se pierde.","Entregaste %d pedidos: +%s, y esa plata no se pierde.","You delivered %d orders: +%s, and that cash stays yours."
